up.genes,
NIPA1,Up
LPCAT1,Up
CHAMP1,Up
NUP205,Up
CHCHD1,Up
NSMAF,Up
SLC16A6,Up
RC3H1,Up
PLXNA3,Up
TFRC,Up
ZXDB,Up
MAP3K15,Up
FADD,Up
PAGR1,Up
FOCAD,Up
LDB1,Up
PDK1,Up
KMT2C,Up
SLC31A2,Up
C10ORF88,Up
LYRM9,Up
APPL2,Up
SAMD9L,Up
FAM13B,Up
LCP2,Up
SEC31B,Up
FASTKD5,Up
MOB4,Up
EFTUD2,Up
FGL2,Up
DRAM2,Up
DHFR,Up
TENT4A,Up
ZNF92,Up
DCAF13,Up
ZNF184,Up
COPA,Up
SLC25A12,Up
TPMT,Up
MRPS22,Up
GPATCH8,Up
C12ORF4,Up
NAT1,Up
ZNF708,Up
CUL2,Up
LILRB2,Up
MYSM1,Up
TIAM1,Up
FBXO42,Up
PPIL1,Up
PPP1R9B,Up
RCOR1,Up
ATN1,Up
MCEMP1,Up
NUP98,Up
KIAA0513,Up
RALGAPA1,Up
FLVCR1,Up
LRRC40,Up
NUP107,Up
MAP2K4,Up
JAZF1,Up
KDM7A,Up
USP9X,Up
SERPINB9,Up
IP6K2,Up
ZNF655,Up
CD58,Up
CGAS,Up
OXNAD1,Up
AQR,Up
TMEM161B,Up
DDRGK1,Up
NMT1,Up
MGAT5,Up
MNDA,Up
POU5F2,Up
TM2D2,Up
ENO2,Up
POP5,Up
EARS2,Up
ZNF862,Up
PHF8,Up
NR2C2,Up
HCFC2,Up
ERCC3,Up
PDE8A,Up
NEIL1,Up
CSPP1,Up
TIMM10B,Up
THUMPD3,Up
ZNF550,Up
NDC80,Up
TADA2B,Up
PLCL2,Up
MED31,Up
EGR2,Up
PHF20L1,Up
P4HA1,Up
E2F5,Up
LRRC59,Up
WDFY1,Up
S100A12,Up
CISH,Up
PPP6R3,Up
GCH1,Up
POGK,Up
TPRKB,Up
ST3GAL6,Up
TMEM107,Up
CASK,Up
NAMPT,Up
ACER3,Up
MXD1,Up
CCM2,Up
PRORP,Up
IKZF4,Up
COQ3,Up
OTUD6B,Up
HELQ,Up
POGLUT1,Up
SLC46A1,Up
NBPF11,Up
CD48,Up
WDR77,Up
P2RY8,Up
CPSF7,Up
CBFA2T2,Up
SLC25A37,Up
CCPG1,Up
C17ORF107,Up
ALG13,Up
OTUD3,Up
TAF11,Up
HMGXB4,Up
DBN1,Up
GART,Up
FBXO4,Up
HIC2,Up
SPI1,Up
KMT5B,Up
CD68,Up
EWSR1,Up
KHNYN,Up
RBM45,Up
PPFIA1,Up
CPSF3,Up
PDHA1,Up
ZC3HC1,Up
FAM217B,Up
PPIF,Up
CYP27A1,Up
USP15,Up
C2ORF42,Up
MITD1,Up
TLR8,Up
GZMA,Up
FANCG,Up
GPCPD1,Up
FLNB,Up
OAS1,Up
KIAA0232,Up
FAM149B1,Up
ZNF274,Up
TSC1,Up
TNIK,Up
TYW1,Up
RAB7B,Up
TTLL5,Up
PCNT,Up
CCNJ,Up
TRIL,Up
ZCCHC14,Up
ZNF480,Up
BRIX1,Up
ZWINT,Up
C9ORF72,Up
MCM3,Up
COA1,Up
ARID4B,Up
FAM135A,Up
ABCA5,Up
PRKAB2,Up
MAPK6,Up
TOMM40L,Up
USP37,Up
NAA25,Up
ZDHHC13,Up
TMEM129,Up
LLGL1,Up
PROSER1,Up
USP7,Up
HDAC3,Up
OGFRL1,Up
ITGB7,Up
TMEM131L,Up
ECHDC2,Up
PSMD3,Up
UCK2,Up
PLCG2,Up
TCF20,Up
ANAPC10,Up
PHKA2,Up
TNFAIP3,Up
GSAP,Up
ZNF143,Up
SAP130,Up
CD83,Up
KDM4C,Up
CD300E,Up
C2ORF88,Up
CNOT11,Up
TRNAU1AP,Up
PAICS,Up
SESN3,Up
HERC4,Up
MBOAT1,Up
ASPA,Up
SCML1,Up
AKAP8,Up
PLAG1,Up
KLF12,Up
LILRB3,Up
KDM1B,Up
CASP2,Up
MON2,Up
AHCYL2,Up
PLA2G7,Up
ITPR3,Up
TMEM168,Up
TMEM200A,Up
SBF2,Up
FAAH2,Up
TGDS,Up
CNTNAP2,Up
ITPR2,Up
C2ORF68,Up
VMA21,Up
RER1,Up
DHRSX,Up
AKAP9,Up
MIB1,Up
GTF2H5,Up
ZBTB39,Up
HECTD4,Up
MFN1,Up
DCAF5,Up
FAR1,Up
S100A2,Up
GNL3L,Up
VIRMA,Up
XXYLT1,Up
RAD54B,Up
TMOD3,Up
TREM1,Up
MEAK7,Up
ANXA13,Up
RRAGC,Up
WDR37,Up
WASHC4,Up
NXT1,Up
NUP133,Up
RABGAP1L,Up
MRPL52,Up
ZNF329,Up
NXF1,Up
VPS50,Up
SEPHS1,Up
WDR91,Up
MND1,Up
STX5,Up
RASA2,Up
SETD4,Up
YIPF4,Up
TET2,Up
TMEM39A,Up
CYREN,Up
STAM2,Up
PRDM2,Up
DYNC1LI1,Up
PTGIS,Up
PCYOX1L,Up
TAGAP,Up
ZCCHC3,Up
ZNF592,Up
ARNTL,Up
ZNF789,Up
KLHL6,Up
SNAP29,Up
MED26,Up
CRLF3,Up
SCAPER,Up
MAPK8IP3,Up
SERF1B,Up
UNK,Up
ATG13,Up
FAM117A,Up
CXXC5,Up
PDE7A,Up
TAF1D,Up
BCLAF3,Up
URB2,Up
DPH3,Up
ZNF841,Up
MYO1E,Up
IFT81,Up
IQGAP3,Up
BTLA,Up
LUC7L,Up
ANKRD44,Up
HERC5,Up
RUNDC1,Up
TFE3,Up
SCAF11,Up
GTPBP8,Up
ARRB1,Up
TM9SF4,Up
MLKL,Up
HEATR1,Up
THNSL1,Up
MAP3K13,Up
DCP1A,Up
ABCC1,Up
ZNF706,Up
SH3GLB1,Up
CYB5R4,Up
FAM185A,Up
SMCO1,Up
CDS2,Up
LRRC75A,Up
GDA,Up
DZIP3,Up
SNN,Up
GTF2H3,Up
TPK1,Up
SLC18B1,Up
GGA3,Up
HELLS,Up
PARG,Up
LY75,Up
CD3D,Up
NUP58,Up
ZNF764,Up
ZNF75D,Up
TOP1MT,Up
NFYA,Up
REL,Up
ZNF544,Up
RPH3AL,Up
REXO4,Up
FBXL13,Up
NCOR1,Up
TBCK,Up
METTL14,Up
IPO4,Up
TBL2,Up
SRD5A1,Up
TMED5,Up
MTHFD1,Up
TUBB6,Up
CASP8,Up
FCER1A,Up
GPR160,Up
RFX1,Up
GNL2,Up
IL2RG,Up
PMS2,Up
ANKLE2,Up
RPP30,Up
NCOR2,Up
UBE2N,Up
CAMK2G,Up
ZDHHC4,Up
LTB,Up
PRRG4,Up
PYCARD,Up
IVNS1ABP,Up
RARS2,Up
UBE2W,Up
SMG1,Up
PDE3B,Up
ATR,Up
NHLRC2,Up
CD14,Up
BACH2,Up
MLH1,Up
IFIT2,Up
TBCE,Up
SLC43A2,Up
PIKFYVE,Up
SNX11,Up
XPO1,Up
SPC25,Up
UBE2T,Up
ATL1,Up
MBD5,Up
SIPA1L2,Up
MIGA1,Up
GORASP2,Up
DTX4,Up
RASGRP1,Up
SLC5A3,Up
RASSF4,Up
SLMAP,Up
HEXIM1,Up
ZNF234,Up
CCDC150,Up
HAS3,Up
PXK,Up
ANKRD13A,Up
MVP,Up
CEP350,Up
ZDBF2,Up
PPIL2,Up
ABCD4,Up
BEND3,Up
CTSS,Up
PIGG,Up
CSK,Up
PRKCE,Up
SCPEP1,Up
C17ORF80,Up
RANBP2,Up
MAP3K11,Up
WWP2,Up
CHML,Up
PSMC6,Up
MADD,Up
ATP9B,Up
TLK1,Up
SUSD1,Up
ZNF44,Up
C16ORF54,Up
YEATS2,Up
PIGO,Up
SETD2,Up
EHMT2,Up
MLXIP,Up
CCNG2,Up
SEMA4D,Up
HSPA1L,Up
MAGED1,Up
FBXO38,Up
AMBRA1,Up
KPNA4,Up
CMTM4,Up
RASA1,Up
NIPSNAP3A,Up
TRIP11,Up
GTF2H1,Up
PIM2,Up
SSH2,Up
PWWP2A,Up
PNPT1,Up
SLC4A7,Up
MTMR9,Up
RPRD1B,Up
CLEC12A,Up
POLR2A,Up
ANKRD17,Up
OPA1,Up
B3GNT5,Up
ARHGAP26,Up
HBS1L,Up
HEXD,Up
ACAD8,Up
ADGRE2,Up
PPP1R2B,Up
SLC35F5,Up
TPGS2,Up
CRNKL1,Up
MED9,Up
RAB15,Up
MFSD4B,Up
ZBTB1,Up
KDM6A,Up
GIT2,Up
PPP2R2D,Up
IL4R,Up
CTSO,Up
INTS12,Up
PLEKHG2,Up
ARMCX5,Up
SYK,Up
DMXL1,Up
TOM1L2,Up
TTC30B,Up
PREX1,Up
DCLRE1C,Up
CCAR1,Up
SLAMF7,Up
RNF220,Up
TCP11L1,Up
CNNM4,Up
FUCA2,Up
AP3M1,Up
AGFG1,Up
AOC3,Up
INTS13,Up
DOCK8,Up
SDE2,Up
CNP,Up
DEDD,Up
ALG2,Up
SMIM18,Up
PHF14,Up
MEGF9,Up
DOP1A,Up
GNAT2,Up
ZACN,Up
C1GALT1,Up
DDX39A,Up
GAA,Up
HMG20A,Up
SLC9A6,Up
PTPRJ,Up
ATAD2,Up
SLC43A3,Up
DNAJA4,Up
MEMO1,Up
FRYL,Up
JMY,Up
MYADM,Up
CNOT8,Up
KHDC4,Up
SMCHD1,Up
EGLN1,Up
ANKIB1,Up
MTRF1,Up
SRSF5,Up
CD200,Up
CASP4,Up
CD22,Up
LNPK,Up
GSDMB,Up
NR4A1,Up
NUP62,Up
PTGS2,Up
DDX55,Up
ZNF71,Up
SNRPF,Up
SKIL,Up
PPIP5K1,Up
RNF144B,Up
ATG2B,Up
SMARCA4,Up
TOMM34,Up
RNF168,Up
VPS13C,Up
C9ORF78,Up
KRAS,Up
RCCD1,Up
DACT1,Up
ZNF747,Up
CPVL,Up
DDX25,Up
PLPP5,Up
ZNF75A,Up
NCOA5,Up
ANKRD18A,Up
PRXL2B,Up
RTP4,Up
BUD13,Up
RTF1,Up
BIRC6,Up
MMGT1,Up
ZC3H6,Up
SCAI,Up
MAPK14,Up
SETD1B,Up
COL4A4,Up
MED7,Up
DDX20,Up
CLTRN,Up
HK1,Up
TEX30,Up
GPR18,Up
ELAC2,Up
MRPL48,Up
LRCH3,Up
IMPA1,Up
ASH2L,Up
ANKRD42,Up
NUP37,Up
MUTYH,Up
EPSTI1,Up
PIGB,Up
WRNIP1,Up
TMEM19,Up
TUG1,Up
TXNRD1,Up
ZNF830,Up
NOLC1,Up
S100A8,Up
IL1RN,Up
EFCAB7,Up
COG7,Up
NUP210L,Up
TPP1,Up
POMP,Up
VRK1,Up
PPP2R5C,Up
UVRAG,Up
NUBPL,Up
MRPL47,Up
TIMM21,Up
SLC39A10,Up
MPZL3,Up
SYNJ2BP,Up
POLG,Up
RALGAPB,Up
BBS2,Up
IL1B,Up
ILF3,Up
LSG1,Up
HACL1,Up
S100PBP,Up
TMC7,Up
HPGDS,Up
RDH11,Up
TBC1D22A,Up
CASP3,Up
CDK5RAP1,Up
RNF26,Up
TMEM259,Up
CUL4B,Up
ARIH2,Up
MYO1F,Up
WDR75,Up
TLR2,Up
DCAF17,Up
TRIM34,Up
GAB3,Up
VEGFA,Up
NR4A2,Up
CNOT1,Up
MTMR6,Up
TMEM223,Up
DLD,Up
PGGHG,Up
NPTN,Up
C1ORF56,Up
ABI1,Up
ZNF398,Up
DGKD,Up
U2AF2,Up
AP5M1,Up
PELI1,Up
PIGA,Up
ZNF35,Up
SFT2D2,Up
ADNP2,Up
SYTL2,Up
FAM126B,Up
GLIPR1,Up
SLC2A4RG,Up
RNF187,Up
KPNB1,Up
SRSF10,Up
AKAP10,Up
SNRNP200,Up
ANKRD37,Up
SUSD6,Up
LPCAT3,Up
INPP5F,Up
CLDND1,Up
SASS6,Up
G0S2,Up
RPIA,Up
PPM1D,Up
TBC1D5,Up
DUS4L,Up
ZNF775,Up
RNFT1,Up
HLA-DMB,Up
PARP1,Up
VCPKMT,Up
EEPD1,Up
SRPK2,Up
CYP20A1,Up
REPS1,Up
CLASRP,Up
CCL18,Up
PALM,Up
TAF9,Up
RAD51AP1,Up
TOP2A,Up
TRRAP,Up
NINJ1,Up
POMGNT1,Up
ECD,Up
TDG,Up
CNOT7,Up
PAN3,Up
PTPRE,Up
KANSL2,Up
SAAL1,Up
APH1A,Up
TANC2,Up
AREL1,Up
RAB33B,Up
GTF2A1,Up
RWDD3,Up
KBTBD8,Up
RUBCNL,Up
ARHGAP9,Up
EVI2B,Up
C16ORF87,Up
PMPCB,Up
SNRPA,Up
TEX2,Up
LIG1,Up
STX16,Up
HS3ST1,Up
NCF2,Up
PPP3CC,Up
DOK3,Up
FN1,Up
PRPF38A,Up
ZNF621,Up
INTS14,Up
TATDN2,Up
DNAAF5,Up
IL10RA,Up
MRPS7,Up
RBM7,Up
RAB21,Up
EPG5,Up
ZNF215,Up
EDEM1,Up
SEC23A,Up
PI4KB,Up
TMPO,Up
LAT2,Up
CCNT2,Up
HOMER1,Up
ERVK3-1,Up
UHRF2,Up
IDI1,Up
DNAJB1,Up
SERBP1,Up
ALDH5A1,Up
SLCO2B1,Up
POU3F1,Up
NDEL1,Up
SLC22A15,Up
LUC7L3,Up
GET4,Up
SON,Up
NNAT,Up
PGRMC2,Up
PPME1,Up
RAPGEF1,Up
RCN2,Up
PTER,Up
MRPL33,Up
FAF2,Up
ETV6,Up
GLA,Up
USP54,Up
RPS6,Up
NR1H3,Up
HMOX1,Up
ST8SIA4,Up
DPEP2,Up
PAQR3,Up
RNF111,Up
TGOLN2,Up
SAFB,Up
FKBP1B,Up
CSF2RA,Up
PIK3CG,Up
MSL1,Up
NRIP1,Up
ZNF322,Up
TMEM243,Up
METTL15,Up
SGCE,Up
RNF10,Up
DNAJC9,Up
SLC25A13,Up
C1ORF122,Up
PFDN4,Up
ARHGAP45,Up
TAF5L,Up
TNKS2,Up
EED,Up
HSD17B10,Up
ZNF672,Up
ZNF350,Up
ZCCHC4,Up
ZNF644,Up
METTL21A,Up
ANAPC5,Up
ZFYVE1,Up
OTULIN,Up
OR2A4,Up
NEK3,Up
SGF29,Up
ABT1,Up
CASP9,Up
PRDM4,Up
SMIM7,Up
TXNDC9,Up
SLCO3A1,Up
NUFIP2,Up
CCNK,Up
C4BPB,Up
ADAM17,Up
PTPRC,Up
NIF3L1,Up
RFX7,Up
RIPK1,Up
GMCL1,Up
MACF1,Up
NUDT17,Up
SAPCD1,Up
LMAN1,Up
ABHD18,Up
PIAS2,Up
AREG,Up
AGA,Up
C4ORF33,Up
MAX,Up
PCYOX1,Up
CALML4,Up
HDAC1,Up
AGO2,Up
TRIM25,Up
MGAT2,Up
AADAC,Up
PPWD1,Up
PRKD3,Up
PLIN2,Up
DUSP12,Up
USF3,Up
XYLT2,Up
GON4L,Up
TUSC2,Up
PBX2,Up
APOM,Up
ATAD2B,Up
SMC1A,Up
NADSYN1,Up
ZNF682,Up
APEX2,Up
RPRD2,Up
DMPK,Up
PITRM1,Up
SQOR,Up
DLST,Up
BMI1,Up
ENTPD4,Up
MCEE,Up
MAPK8,Up
CXCL8,Up
TTC17,Up
PIGK,Up
BMP2K,Up
ALCAM,Up
GLRX,Up
SETD5,Up
MGME1,Up
RHOT2,Up
ACYP1,Up
DHRS9,Up
TRA2A,Up
TRPV2,Up
EPPK1,Up
TBC1D4,Up
RAD50,Up
POM121,Up
TST,Up
CXCL3,Up
AEN,Up
CFLAR,Up
CHTF18,Up
SEC16A,Up
EFR3A,Up
KDM6B,Up
NUCKS1,Up
SLC25A14,Up
NFAT5,Up
C1ORF174,Up
ATP2B4,Up
PLAUR,Up
CDC16,Up
DPT,Down
EIF5A,Down
ANXA9,Down
PPP1R14A,Down
PRAMEF2,Down
RBPJL,Down
TNFRSF12A,Down
R3HCC1,Down
SPATA12,Down
LGALS2,Down
CIB4,Down
NME5,Down
RAB11B,Down
TEX11,Down
HBB,Down
TMEM119,Down
TMEM258,Down
PRRX1,Down
ADPRHL1,Down
BEX1,Down
IDH3G,Down
CYGB,Down
HTR1D,Down
EIF3G,Down
SH2D7,Down
ABITRAM,Down
UCN3,Down
MT-ATP6,Down
TSBP1,Down
HSPB1,Down
PNPLA6,Down
CD99,Down
S100B,Down
MTRNR2L1,Down
CD63,Down
KRTAP1-1,Down
LTBR,Down
IFNA6,Down
RND1,Down
TMEM42,Down
TPSG1,Down
CLPS,Down
GMPS,Down
ZNF620,Down
CCN2,Down
S100A5,Down
COPE,Down
TPT1,Down
MTRNR2L7,Down
SLC26A8,Down
OR5D18,Down
ZNF534,Down
C7,Down
PODNL1,Down
S100G,Down
MT-CO1,Down
DNAJC13,Down
HBD,Down
SERPINA6,Down
RFX4,Down
HOXA1,Down
OR1E1,Down
OR4F29,Down
WFDC8,Down
MT-ND2,Down
INS,Down
MT-CO2,Down
SCG5,Down
MT-CO3,Down
GP2,Down
FCAMR,Down
SRRM5,Down
MT-CYB,Down
CYP26B1,Down
TINAG,Down
PLD1,Down
SKOR2,Down
ANGPTL2,Down
ERP27,Down
DOCK3,Down
MT-ATP8,Down
ASIP,Down
EXOSC5,Down
CCDC9,Down
OR8K1,Down
SERTM1,Down
CDH26,Down
DEFB128,Down
PAX6,Down
IFT140,Down
DTX1,Down
CEL,Down
LRGUK,Down
EEF1A1,Down
SPATA24,Down
SPTBN4,Down
FAIM2,Down
HAPLN2,Down
PLCH2,Down
MT-ND4,Down
IL2,Down
PLEKHG7,Down
CST8,Down
THOP1,Down
TDRD5,Down
LMTK3,Down
TAGLN,Down
ENO3,Down
MC4R,Down
OR1L8,Down
GATA6,Down
OR52J3,Down
XKRX,Down
KCNJ15,Down
MTRNR2L6,Down
CHAT,Down
CTRC,Down
MT-ND6,Down
SPX,Down
NTAN1,Down
CT83,Down
MT-ND5,Down
C2ORF66,Down
MT2A,Down
MT-ND1,Down
ARHGEF16,Down
MT-ND4L,Down
NXF2,Down
HCRTR2,Down
ULBP3,Down
ATP6V0E2,Down
FBLN1,Down
MPC1L,Down
FTMT,Down
BRINP1,Down
NAT16,Down
OR51I1,Down
PTGES2,Down
PAK3,Down
IGFBP7,Down
RPL29,Down
RNF223,Down
SSR3,Down
MARCKSL1,Down
VAX2,Down
PLIN5,Down
C1ORF146,Down
KCNA10,Down
CYP7B1,Down
ACOD1,Down
FILIP1L,Down
PNLDC1,Down
LGI4,Down
KLK13,Down
SSR4,Down
HOXC10,Down
MTRNR2L8,Down
OR4F4,Down
VGLL3,Down
STATH,Down
MGP,Down
CERS3,Down
CELA3B,Down
SPAG7,Down
CNRIP1,Down
LRIT1,Down
UNC93A,Down
DBX1,Down
ZBTB38,Down
CCDC60,Down
KIF26B,Down
TMEM52,Down
ADAMTS12,Down
APPL1,Down
MT-ND3,Down
SERPING1,Down
PPP1R32,Down
KRTAP10-3,Down
ABCD2,Down
VSIG10L2,Down
ALPP,Down
FXYD2,Down
OR2AJ1,Down
TSPEAR,Down
DPYSL3,Down
SPATA17,Down
HOXC13,Down
AXIN1,Down
HPD,Down
LXN,Down
C1ORF226,Down
GPR37,Down
WFIKKN2,Down
FLYWCH1,Down
PRY2,Down
GPT,Down
HEMGN,Down
RXFP2,Down
CYP26A1,Down
FOXI2,Down
AKNAD1,Down
CTRB2,Down
DCAF15,Down
ZNF157,Down
SNX25,Down
GPR157,Down
OR6K3,Down
OR51B4,Down
HCN2,Down
SHISA9,Down
GPC3,Down
C1S,Down
ZNF556,Down
TTC29,Down
GPR63,Down
KATNB1,Down
MT1E,Down
CDR1,Down
RPS12,Down
TTC26,Down
NCCRP1,Down
MMP27,Down
TLL2,Down
C10ORF105,Down
UBB,Down
PDIA2,Down
CDC42EP1,Down
PSMB9,Down
PSG2,Down
PTMA,Down
ZNF808,Down
PRB2,Down
MTRNR2L10,Down
DAOA,Down
MEIG1,Down
CNIH2,Down
IMPA2,Down
IFNL3,Down
THOC7,Down
ZNF560,Down
KRTAP10-5,Down
KCTD21,Down
CATIP,Down
COL25A1,Down
CAND1,Down
SYT9,Down
C20ORF202,Down
RAB41,Down
CARD18,Down
RCAN1,Down
NT5M,Down
OR10K1,Down
UNC5C,Down
GBP6,Down
OR2AK2,Down
PINLYP,Down
SLC3A1,Down
ACE2,Down
TMEM235,Down
TACR2,Down
SH2B1,Down
TIMD4,Down
CRACR2B,Down
WDR97,Down
SLC24A4,Down
ARRDC5,Down
FBXL22,Down
WDR46,Down
ACCSL,Down
ASB2,Down
CD300LG,Down
RGS9,Down
PALLD,Down
TRIM36,Down
RPL35A,Down
GPA33,Down
KCTD13,Down
ANXA4,Down
KRTAP9-9,Down
TMSB4X,Down
ZNF571,Down
OR51A7,Down
GFRAL,Down
CCDC91,Down
GNAT3,Down
LIPJ,Down
ETV5,Down
B4GALNT4,Down
PLEKHJ1,Down
RPS3A,Down
SLCO1A2,Down
LRRC75B,Down
BCAS4,Down
C19ORF12,Down
WFDC13,Down
LHCGR,Down
ST6GAL2,Down
SCUBE1,Down
STK31,Down
ADH1C,Down
RBM11,Down
DEFB119,Down
DAZ2,Down
EPX,Down
OR13C2,Down
KCNN1,Down
ENDOU,Down
RPL24,Down
MORF4L1,Down
OR4A16,Down
EPHB3,Down
IL22,Down
MDFI,Down
RBP5,Down
TBX22,Down
DNAH1,Down
LEUTX,Down
SAXO2,Down
WBP2NL,Down
OPN5,Down
CD80,Down
MCHR2,Down
HTR4,Down
IRGC,Down
DLX6,Down
FNDC4,Down
FAM71E1,Down
CYP2A13,Down
KIRREL3,Down
ZNF443,Down
RPL14,Down
DAZL,Down
TBK1,Down
GLRA2,Down
CDH12,Down
FTHL17,Down
MAGEB2,Down
GRAMD1A,Down
MOB2,Down
HIGD1B,Down
CYB5A,Down
ACTL7B,Down
PLSCR3,Down
LIFR,Down
MEIOB,Down
PPEF2,Down
FABP5,Down
ADH1B,Down
ALDH3A1,Down
VAT1L,Down
TAS2R7,Down
PRAMEF5,Down
C12ORF54,Down
TFDP2,Down
OR51G2,Down
SH2B2,Down
TMPRSS12,Down
LCE2C,Down
LMCD1,Down
CABS1,Down
LGALS13,Down
SEC62,Down
DOK7,Down
DUOX1,Down
ZSCAN4,Down
CACNA1E,Down
RPL3L,Down
SIRPB2,Down
SLC12A1,Down
WFDC6,Down
KDM4E,Down
F7,Down
OR6N2,Down
CHRNA9,Down
CLC,Down
C20ORF141,Down
TPM4,Down
ALDH1A3,Down
CCDC74A,Down
GALNTL5,Down
LEKR1,Down
SPATC1L,Down
ATXN7L2,Down
ASIC3,Down
OR51A2,Down
ICE1,Down
HPCAL4,Down
OR6S1,Down
DIO1,Down
MUC13,Down
SELENOO,Down
OR6B3,Down
BCL2L12,Down
GRIK2,Down
KRTAP12-3,Down
DLK1,Down
AMY1C,Down
DSEL,Down
INSL4,Down
KRTAP12-4,Down
ZNF287,Down
ZSCAN20,Down
NUCB2,Down
CNNM2,Down
CXORF58,Down
SCGB2A2,Down
SCTR,Down
STOX1,Down
TRPC7,Down
HNRNPA1L2,Down
UGT2A1,Down
CDK4,Down
OR4N2,Down
PRMT8,Down
C10ORF99,Down
C12ORF40,Down
PTPRZ1,Down
ATXN3L,Down
RFPL2,Down
STAR,Down
KLHL30,Down
ZNF454,Down
VXN,Down
TXNDC2,Down
RPS18,Down
RTL1,Down
GUCA2A,Down
PF4,Down
TDO2,Down
AOC2,Down
GOLGA6L2,Down
SLCO6A1,Down
LYRM1,Down
CDY2A,Down
PRELP,Down
SPACA3,Down
HOXA2,Down
NPFFR2,Down
VNN3,Down
PANX3,Down
KIAA1958,Down
TMEM95,Down
MAP3K6,Down
KCNJ4,Down
TNMD,Down
TMEM81,Down
SSX2,Down
ABCG4,Down
JPH3,Down
ZNF771,Down
SMYD1,Down
TM4SF1,Down
TMEM14A,Down
CCDC6,Down
TMEM238,Down
FLRT1,Down
OR8U8,Down
OR4K14,Down
OR51V1,Down
MYH4,Down
GAREM2,Down
SI,Down
CYP2W1,Down
CFC1,Down
PROX2,Down
PCARE,Down
RTKN2,Down
DKKL1,Down
PKD2L1,Down
KCND1,Down
TBX20,Down
ZAP70,Down
RAB11FIP4,Down
GABRB2,Down
ZNF554,Down
KIF6,Down
LYZL4,Down
CELA3A,Down
CCL26,Down
GSTT4,Down
HOXC12,Down
DNAAF1,Down
TOMM20L,Down
GADL1,Down
DLX4,Down
LMOD2,Down
KRT39,Down
ANKRD30B,Down
CORO6,Down
PIK3R5,Down
HOXD13,Down
MBD3L2,Down
RNF181,Down
CLEC10A,Down
LRRIQ4,Down
TNFSF18,Down
FAM83A,Down
CFAP77,Down
IAPP,Down
MORN5,Down
C10ORF67,Down
ENTHD1,Down
DEFB113,Down
DEFA4,Down
OR1J2,Down
TCEAL2,Down
TCEAL4,Down
TRHDE,Down
OR4K2,Down
BMERB1,Down
CRYBB3,Down
PRX,Down
OXT,Down
FOXN4,Down
EMD,Down
ANKRD30A,Down
DMRT2,Down
GADD45GIP1,Down
GSTM1,Down
RBP3,Down
ZNF22,Down
CYP27C1,Down
RASD1,Down
BMPR1B,Down
LGALS7B,Down
GABBR2,Down
GLRA1,Down
PNMA3,Down
SERPINB10,Down
NENF,Down
GJA8,Down
SEC11A,Down
PDE1C,Down
GJA10,Down
SERPINA11,Down
GPD1,Down
HRAS,Down
SAMD13,Down
CNPY3,Down
ETV3L,Down
HOXD3,Down
MYL2,Down
GRK7,Down
GON7,Down
DIRAS1,Down
IL1A,Down
DNAH8,Down
NAA15,Down
ACTN2,Down
GATM,Down
SYNPR,Down
OR8H2,Down
ACER1,Down
CSF2,Down
OR5AR1,Down
PASD1,Down
THEG,Down
PPA1,Down
SFTA3,Down
GRIA3,Down
ACTN3,Down
OR9G4,Down
CA11,Down
OPRPN,Down
ANKRD1,Down
MGAM,Down
CCNA1,Down
KRTAP9-7,Down
WASL,Down
SLC27A4,Down
PTPRN,Down
EBI3,Down
TSGA10IP,Down
LOXHD1,Down
ZSCAN5C,Down
SLCO5A1,Down
COX7A1,Down
IL22RA2,Down
JOSD2,Down
RALYL,Down
LDHAL6B,Down
AHRR,Down
MYH1,Down
PPP1R1A,Down
AIF1L,Down
PGAM5,Down
NEUROD2,Down
PDLIM1,Down
AMDHD1,Down
KLHL35,Down
KLF15,Down
GRN,Down
VIM,Down
C8ORF34,Down
TNFSF15,Down
CCER1,Down
EIF3C,Down
HAP1,Down
PHYHD1,Down
OR14I1,Down
MAP2K2,Down
PIWIL3,Down
ALDH9A1,Down
ECI2,Down
PHLDB3,Down
LGSN,Down
GAST,Down
CTRB1,Down
TERB1,Down
KCNC2,Down
C20ORF203,Down
GTF3A,Down
CD320,Down
PLA2G1B,Down
OR2J1,Down
NEUROG2,Down
KRTAP20-1,Down
MS4A12,Down
STX12,Down
IFNA10,Down
PRSS3,Down
CFAP157,Down
MPV17L,Down
IQUB,Down
XIRP2,Down
PGK2,Down
PEBP1,Down
MPPED1,Down
MLC1,Down
UBQLNL,Down
KIF24,Down
SCD5,Down
TRABD2B,Down
AKR1C8P,Down
RRAD,Down
SAA2,Down
FBXO40,Down
SMC1B,Down
RXFP1,Down
GPR33,Down
OR4Q3,Down
PLN,Down
DMRT3,Down
ZNF804A,Down
B4GALNT2,Down
UTF1,Down
TBX5,Down
KCNG3,Down
GNG11,Down
MEX3A,Down
WWTR1,Down
MRGPRX3,Down
HMHB1,Down
PTMS,Down
CHRNB2,Down
FNDC10,Down
RBP1,Down
CLDN19,Down
PLA2G12B,Down
GRIA1,Down
UTP25,Down
PRAME,Down
TEX51,Down
DNAH7,Down
OTOL1,Down
MGAT4D,Down
ADH1A,Down
FOXD1,Down
GRIN2B,Down
EPHA1,Down
OSTN,Down
ZNF563,Down
PRR7,Down
DAW1,Down
C4ORF51,Down
CRYBA1,Down
ASIC4,Down
APOBEC3H,Down
NACA2,Down
ELMOD1,Down
FBXW10,Down
BRK1,Down
SULT1B1,Down
UNC5D,Down
RNF32,Down
VHLL,Down
KIR3DX1,Down
FAM9B,Down
ZNF324B,Down
SYT5,Down
PRSS1,Down
C4ORF47,Down
C2ORF16,Down
MMP11,Down
CELA2A,Down
PRAC1,Down
OTX2,Down
PSG8,Down
APOD,Down
OR5K4,Down
OR10T2,Down
IFNA14,Down
PDZD7,Down
RPL26,Down
TMPRSS11B,Down
DCHS2,Down
TAS2R1,Down
ANPEP,Down
SART1,Down
GPR141,Down
PYM1,Down
IGFBP2,Down
DNTT,Down
OR5T3,Down
CBSL,Down
MAP3K12,Down
HNF4A,Down
LOXL1,Down
HIVEP3,Down
ATCAY,Down
RFX6,Down
ARHGEF33,Down
KLRG2,Down
ELOVL4,Down
INSM2,Down
SLC26A6,Down
RPL34,Down
CYP3A43,Down
FTH1,Down
GOT1L1,Down
KLHL14,Down
IRX1,Down
OR2A25,Down
ESRRG,Down
CSN2,Down
DEFB125,Down
TSPO2,Down
RPL41,Down
KCNQ4,Down
OR11H4,Down
TRIML1,Down
PHYHIP,Down
PLPPR5,Down
KIF25,Down
ADAMTS8,Down
OR4X1,Down
OR52N2,Down
PPIAL4A,Down
CENPA,Down
AKAIN1,Down
SERPINI2,Down
GCAT,Down
INS-IGF2,Down
TRPC5OS,Down
C14ORF119,Down
TSPAN19,Down
TOPAZ1,Down
SLC5A8,Down
CAMSAP3,Down
KCTD8,Down
FAM47C,Down
MYL12B,Down
KCNA4,Down
CPO,Down
KRT37,Down
OR52I1,Down
PF4V1,Down
HOXA7,Down
GLI1,Down
FXR1,Down
SPOCK1,Down
C1GALT1C1,Down
UNC79,Down
ROMO1,Down
MEIKIN,Down
SIAH3,Down
GFAP,Down
KCNB1,Down
FAM53A,Down
TRAF7,Down
DQX1,Down
ZNF707,Down
KIF2B,Down
OR2J3,Down
C9ORF43,Down
KCNK13,Down
TTLL7,Down
HOXD9,Down
SLC9C2,Down
FOXRED1,Down
IL17C,Down
IL12RB2,Down
CDH4,Down
SSTR4,Down
ONECUT3,Down
FAM131C,Down
RPS14,Down
DEPDC4,Down
NTRK1,Down
TEX49,Down
ANKRD7,Down
DOP1B,Down
OR52N4,Down
ZNF280B,Down
NOS1,Down
SNX31,Down
OR4N5,Down
GBP7,Down
BCAM,Down
OR14J1,Down
RNF17,Down
LCN10,Down
ABCB5,Down
FRMD5,Down
CILP,Down
WNT8B,Down
ATP6V1A,Down
TTLL2,Down
GPR148,Down
PIFO,Down
PNLIP,Down
OR1L6,Down
ZBTB8B,Down
BOLL,Down
MCF2L2,Down
INSL6,Down
RPS10-NUDT3,Down
ESX1,Down
ERICH3,Down
FAM209B,Down
MSTN,Down
C1ORF141,Down
OR5P3,Down
EDDM3A,Down
CXCL13,Down
TTLL13P,Down
CADM3,Down
RASSF10,Down
CACNB4,Down
C5ORF58,Down
GRIN2D,Down
ZNF282,Down
USP40,Down
LCE4A,Down
RNASE7,Down
RHBDL1,Down
C6ORF141,Down
C1QTNF9,Down
HOXC8,Down
NKX2-2,Down
PDE6H,Down
TMPRSS15,Down
ZNF385B,Down
FAM170B,Down
TMEM266,Down
LRRC14,Down
ENAM,Down
IL3,Down
PSD2,Down
EVPLL,Down
GINS4,Down
TTLL11,Down
SIX4,Down
LGALS12,Down
ZFY,Down
REXO2,Down
SLC26A4,Down
IL17D,Down
DEFB116,Down
NT5C1B,Down
OMG,Down
TRPC5,Down
PRAMEF4,Down
CERK,Down
HS3ST3A1,Down
BCL2L14,Down
TMEM255A,Down
PCDHA10,Down
OR6C3,Down
OR14C36,Down
CEP126,Down
RPL10A,Down
OR5H2,Down
MS4A8,Down
TGM5,Down
PTCHD1,Down
CCDC87,Down
AS3MT,Down
ISYNA1,Down
PSG9,Down
OR51A4,Down
APLF,Down
NEUROD1,Down
UBE2QL1,Down
IRGM,Down
MAS1,Down
SLC26A7,Down
ETHE1,Down
TEX48,Down
MBOAT4,Down
CRYGN,Down
CALN1,Down
CER1,Down
ANKRD34B,Down
RBMXL2,Down
VEGFD,Down
SEMA3A,Down
LRRC27,Down
KIAA1841,Down
HAPLN1,Down
SEMA7A,Down
NT5DC3,Down
SCRG1,Down
HMX3,Down
BNIP3,Down
AKAP7,Down
TIFAB,Down
ACTL9,Down
RPL8,Down
PDZRN4,Down
ELFN2,Down
CT47A11,Down
TICRR,Down
XIRP1,Down
ARPP21,Down
LOXL4,Down
GPRC6A,Down
GLYATL3,Down
MROH8,Down
TEX26,Down
CCK,Down
AZU1,Down
TRIML2,Down
OR5M10,Down
LRRIQ1,Down
ECRG4,Down
LDB3,Down
DBX2,Down
KIAA0319,Down
UCP3,Down
ARMS2,Down
PCSK2,Down
TMEM191C,Down
PEX5L,Down
GLT6D1,Down
ZFHX4,Down
RAB3IP,Down
SPIC,Down
BEX5,Down
CPA4,Down
UBE2U,Down
PAGE4,Down
TRIM58,Down
TECTA,Down
SLC39A5,Down
MTCL1,Down
DEFB126,Down
GJD2,Down
ODF3L1,Down
ZNF852,Down
SLC6A7,Down
FNDC8,Down
PRSS58,Down
LINC02218,Down
LGALS1,Down
SUCNR1,Down
CKM,Down
CELA2B,Down
COL6A6,Down
PRDM12,Down
AIDA,Down
FGGY,Down
CDT1,Down
TSPAN16,Down
HOXD4,Down
GLP1R,Down
PRR16,Down
SH3TC2,Down
EFNA2,Down
PDCL2,Down
ZIC2,Down
GIMD1,Down
RSPO2,Down
HRNR,Down
OLFM3,Down
TULP4,Down
STK32B,Down
OPRM1,Down
RAI1,Down
PNLIPRP1,Down
GALNTL6,Down
CNGB3,Down
OR5K1,Down
MROH9,Down
OR5K2,Down
SLITRK5,Down
DMRTA2,Down
DHRS7C,Down
UGT2A2,Down
HFM1,Down
RBMXL3,Down
NAA11,Down
MAGEB16,Down
POLR1D,Down
OR10K2,Down
TESMIN,Down
STRIT1,Down
HIGD2B,Down
ELAVL2,Down
TSLP,Down
VN1R4,Down
ALKAL1,Down
RIPPLY1,Down
NPM1,Down
NLGN3,Down
ANHX,Down
LCE1C,Down
TAS2R42,Down
PLVAP,Down
RANBP3L,Down
PRKAB1,Down
SRY,Down
TICAM2,Down
TBPL2,Down
TRIM64,Down
AXDND1,Down
PCDHGB6,Down
TDRD15,Down
KCNIP3,Down
PSMA8,Down
UBOX5,Down
KCNJ10,Down
GJA9,Down
EPDR1,Down
RGS9BP,Down
OR6C2,Down
ZNF749,Down
CCDC178,Down
RNASE9,Down
EHHADH,Down
FREM3,Down
CDH9,Down
CCDC83,Down
RDH12,Down
C12ORF57,Down
RPGRIP1L,Down
TAF7L,Down
VWC2,Down
DMRTA1,Down
MAGEB17,Down
RHCE,Down
HS6ST3,Down
NEUROD4,Down
FGF19,Down
NPPA,Down
GPX3,Down
TDRD12,Down
ZMIZ2,Down
OR4A5,Down
ZNF229,Down
OR4K1,Down
RPL19,Down
LIM2,Down
TNFAIP8L3,Down
DBH,Down
HTN1,Down
RPL15,Down
TAAR1,Down
OR8G5,Down
LGR5,Down
OR7D2,Down
ZNF471,Down
NANOS1,Down
ATP5F1D,Down
VN1R2,Down
PRR23A,Down
IGDCC4,Down
OR2M2,Down
POLN,Down
SPINK1,Down
FAM133A,Down
BLID,Down
STAC,Down
ZDHHC1,Down
DACH2,Down
RGS4,Down
CEND1,Down
ARSF,Down
TRIM9,Down
ANGPTL5,Down
RNASE1,Down
AKAP5,Down
PGLYRP4,Down
KRTAP9-3,Down
GCM2,Down
APCDD1L,Down
PCDHA3,Down
PTCHD3,Down
IL13,Down
IL4,Down
EPHA5,Down
OR2W1,Down
ADCY8,Down
LINGO1,Down
TBX1,Down
RASL12,Down
PNLIPRP3,Down
PCDHGA12,Down
PRAMEF17,Down
ADAM18,Down
ASMT,Down
MT1B,Down
SPATA2,Down
TCOF1,Down
METTL21C,Down
OR8K3,Down
WFDC10A,Down
OR51B2,Down
MMP26,Down
ANKHD1-EIF4EBP3,Down
C10ORF90,Down
JAKMIP1,Down
FLG2,Down
HOXB8,Down
ANLN,Down
RTP2,Down
DEFB127,Down
GRM2,Down
SLC17A8,Down
ITPRIPL1,Down
IFNA16,Down
SOX1,Down
KRTAP21-3,Down
WNT16,Down
CLDND2,Down
CCDC70,Down
OR2L13,Down
OR4A47,Down
MFSD2B,Down
C7ORF31,Down
YPEL2,Down
KISS1R,Down
PRR35,Down
BPI,Down
ANKS1B,Down
LRRD1,Down
CHRM1,Down
OLFML3,Down
CABP2,Down
HSP90AB1,Down
C1ORF105,Down
HASPIN,Down
MYL10,Down
SPATA31A1,Down
FAM81B,Down
TENM3,Down
ZNF354C,Down
LIPF,Down
GABRA1,Down
KRTAP9-4,Down
PPP4R3C,Down
TTC9,Down
CERCAM,Down
SIRPD,Down
RSPO1,Down
GPR1,Down
BPIFA2,Down
NAA40,Down
SSX7,Down
HIGD1C,Down
DDX53,Down
PIANP,Down
MAGEA9,Down
TTC6,Down
TMEM213,Down
ASZ1,Down
GPR139,Down
MSS51,Down
ICAM4,Down
LPAR3,Down
TAS2R31,Down
SH3GL2,Down
LANCL3,Down
TIGD4,Down
SGCZ,Down
OR9G9,Down
NEU2,Down
CNKSR2,Down
MYO15A,Down
MYOZ2,Down
CLEC3A,Down
HTR3E,Down
AP5B1,Down
CGA,Down
ACSM4,Down
CACNG5,Down
TMEM207,Down
TIGD6,Down
KRTAP2-4,Down
ATP13A5,Down
ZNF750,Down
SLC7A3,Down
CPLX4,Down
OR2L5,Down
RPTOR,Down
ZP2,Down
OMD,Down
OR1G1,Down
TCF24,Down
DPRX,Down
NT5DC4,Down
LMNTD1,Down
IRS4,Down
SLC35G3,Down
NKX6-3,Down
SLC22A6,Down
FAAP24,Down
MRGPRX2,Down
MAT1A,Down
SPINK8,Down
RTL3,Down
CCL8,Down
DEFB106B,Down
COX8C,Down
GCSAML,Down
TAAR6,Down
ZNF99,Down
USP26,Down
REM2,Down
GJB3,Down
PAX1,Down
RLN1,Down
KIF18A,Down
OR11L1,Down
KRTAP4-4,Down
OR5W2,Down
ANGPT4,Down
CNBD1,Down
CMTM2,Down
ODF1,Down
ARHGAP36,Down
KRT84,Down
TM4SF19,Down
CYLC1,Down
C8ORF48,Down
OVCH2,Down
CDON,Down
TEX43,Down
ZNF559,Down
CEMP1,Down
GALR1,Down
DEFB118,Down
OR4K13,Down
HEMK1,Down
PRAMEF6,Down
B4GALNT1,Down
STARD6,Down
TACR3,Down
N4BP1,Down
GPR83,Down
SAP18,Down
SLC15A1,Down
TRIM55,Down
RARRES2,Down
BPY2,Down
DLC1,Down
SPO11,Down
DGAT2L6,Down
LRRTM4,Down
CMBL,Down
EFCAB3,Down
KAT6B,Down
DNASE2B,Down
KCNE2,Down
CYP11B2,Down
ASAP3,Down
MS4A13,Down
OR2H1,Down
RHAG,Down
TH,Down
RFPL4B,Down
CDX4,Down
TAS2R41,Down
CSDE1,Down
OR1J4,Down
BSPRY,Down
DSC1,Down
RAB36,Down
C1QTNF8,Down
DYNAP,Down
OCA2,Down
RB1CC1,Down
KRTAP8-1,Down
RIPPLY3,Down
GDF6,Down
ASL,Down
TERB2,Down
CFHR5,Down
TBX10,Down
PPEF1,Down
CPA1,Down
RPL27,Down
JHY,Down
MYH8,Down
SLC6A20,Down
SOX8,Down
TMEM74,Down
CTRL,Down
MRPL32,Down
IPO9,Down
KRTAP13-3,Down
OR8K5,Down
HTR3D,Down
ZDHHC15,Down
COL2A1,Down
SLC36A2,Down
C17ORF78,Down
FAT3,Down
MRGPRX1,Down
CTXN3,Down
PRAMEF19,Down
DCAF12L1,Down
SYN2,Down
KLK1,Down
PCDHGB1,Down
INSM1,Down
GRAMD2A,Down
CLBA1,Down
PABPC1L2A,Down
TEX13C,Down
GABRA4,Down
LACRT,Down
TENM4,Down
SAMD7,Down
GLRB,Down
RPL4,Down
IL11,Down
NKX2-4,Down
FCRL4,Down
DNMT3L,Down
IL36G,Down
NHLRC1,Down
KCNH1,Down
CNN1,Down
LHX8,Down
SELENOP,Down
OR9A4,Down
PON1,Down
ACKR1,Down
LRRTM3,Down
ZSCAN5A,Down
SULF1,Down
MAST1,Down
PDE6A,Down
RP1,Down
C11ORF91,Down
KCNQ2,Down
NRM,Down
DBNDD1,Down
ZNF804B,Down
FKBP2,Down
FNDC5,Down
KLHL1,Down
ADIPOQ,Down
SFTPB,Down
C9ORF57,Down
JUP,Down
CATSPERB,Down
C3ORF49,Down
HSPB9,Down
MYF5,Down
TLX3,Down
CPA2,Down
GSX1,Down
GKN2,Down
DSG4,Down
IL17REL,Down
IL25,Down
FSTL5,Down
ADAMTS18,Down
TTLL10,Down
ZNF474,Down
CASQ1,Down
GABRA6,Down
HLX,Down
KRT12,Down
DNAJC5G,Down
SPDYA,Down
C7ORF57,Down
NKX2-3,Down
ZNF536,Down
LGALS16,Down
SRCAP,Down
ANKRD34C,Down
LIPK,Down
MCIDAS,Down
RTL10,Down
CALHM4,Down
RGS8,Down
ADAMTS16,Down
CNTNAP5,Down
HAS2,Down
MYL4,Down
RPL38,Down
SDR16C5,Down
ASB17,Down
PRDM7,Down
GAP43,Down
TMEM270,Down
OR5AN1,Down
SAG,Down
UNCX,Down
OR5B17,Down
ACTL6B,Down
CAMK1G,Down
CFAP97D1,Down
KRTAP5-8,Down
OR52D1,Down
FSCB,Down
CWF19L2,Down
OR5H15,Down
ACOT4,Down
SOHLH2,Down
IFNA8,Down
RAB11FIP3,Down
AKAP6,Down
C12ORF43,Down
QPCTL,Down
REN,Down
OTOR,Down
C14ORF39,Down
ASXL3,Down
RFPL1,Down
SORCS1,Down
OR52L1,Down
TTC36,Down
EPPIN,Down
OR52M1,Down
NME7,Down
TMEM40,Down
SNTN,Down
SDC2,Down
TMEM196,Down
P4HB,Down
CTCFL,Down
FAM9A,Down
CSTB,Down
CATSPERZ,Down
CACNA1I,Down
TRIM72,Down
AGTR2,Down
ST3GAL5,Down
DERL2,Down
SPRR4,Down
FRG2C,Down
FOXR1,Down
ADAMTS20,Down
ALDH1A1,Down
HCN4,Down
COL11A1,Down
HAT1,Down
KLHL34,Down
CCDC61,Down
ADAMTS3,Down
HCN1,Down
GGN,Down
USP43,Down
KCNV1,Down
FAM131A,Down
PCNX1,Down
TMEM26,Down
SPAM1,Down
RSPO4,Down
SHF,Down
PRL,Down
TPRG1,Down
FNDC11,Down
RPS15A,Down
SLC25A31,Down
NPB,Down
TMEM225,Down
CD24,Down
RNF146,Down
TEX36,Down
FOXR2,Down
APOL1,Down
ZNF581,Down
GBX1,Down
RPTN,Down
LMOD3,Down
SLC19A1,Down
SDF2L1,Down
SLC13A1,Down
FSD1,Down
SAMD15,Down
SLC23A3,Down
DCAF8L2,Down
GSTCD,Down
EDAR,Down
RSPH6A,Down
SGCG,Down
OR8H3,Down
PRDM9,Down
FBXO39,Down
FES,Down
RPS17,Down
BGN,Down
TEX13B,Down
OTOA,Down
ZNF648,Down
PDZD9,Down
RNH1,Down
C6ORF58,Down
C1ORF43,Down
OR1K1,Down
LYPD8,Down
ADAMTS10,Down
NPR2,Down
HNRNPCL1,Down
C9ORF131,Down
AMTN,Down
LYZL6,Down
TFAP4,Down
C18ORF63,Down
MTNR1A,Down
PCDH11X,Down
CALML6,Down
OR9Q2,Down
KRTAP10-11,Down
EIF3E,Down
SRD5A2,Down
BTG4,Down
FUOM,Down
PAPOLB,Down
DIO2,Down
URB1,Down
PSD,Down
TBC1D21,Down
TEN1,Down
TMPRSS9,Down
DRG1,Down
KLK2,Down
CPB1,Down
ZIM3,Down
OR6C70,Down
MRPL11,Down
SLCO1B1,Down
RPL9,Down
TMEM72,Down
SSB,Down
VWA7,Down
SERPINF1,Down
NPY4R,Down
SNX3,Down
MAGEB5,Down
CCDC149,Down
MCTP1,Down
KCNK17,Down
MINDY4B,Down
KLK3,Down
ARHGEF15,Down
LRG1,Down
AQP4,Down
CA10,Down
PCDHB7,Down
FRMD7,Down
LRRC15,Down
PATE1,Down
METTL11B,Down
GNMT,Down
AADACL2,Down
OR5M3,Down
SPOCK3,Down
CDV3,Down
ADCY1,Down
KCNIP1,Down
TRIM60,Down
C22ORF23,Down
HOXD11,Down
PSMA4,Down
KCTD4,Down
TMED3,Down
FBN3,Down
GTSF1,Down
C1ORF185,Down
NANOS2,Down
CXCL12,Down
RLN2,Down
VSTM2A,Down
EIF1AY,Down
RPP40,Down
RIBC1,Down
MPP4,Down
NUPR1,Down
NPBWR2,Down
IFNLR1,Down
NKX3-2,Down
ADIPOR2,Down
EFHC1,Down
SLC22A9,Down
FGF22,Down
DIPK1C,Down
CUZD1,Down
SART3,Down
SYNPO2L,Down
ROBO2,Down
CDH23,Down
POU3F2,Down
TEKT1,Down
RPS11,Down
STARD9,Down
ZG16,Down
FIBIN,Down
ZPBP2,Down
PNPLA1,Down
C9ORF135,Down
VPS51,Down
CADPS,Down
NRIP3,Down
CNTN2,Down
RPS2,Down
PCDHA2,Down
CLU,Down
FAM83B,Down
PRAMEF10,Down
SH2D4B,Down
KRTAP19-6,Down
SLC12A8,Down
MRPL51,Down
PKHD1L1,Down
S100A13,Down
MAN2B1,Down
IL6R,Down
PRRT4,Down
BTN1A1,Down
MOCS2,Down
BEX3,Down
FABP9,Down
NYX,Down
HMCES,Down
KRTAP4-9,Down
NUDT18,Down
EPN3,Down
HRH4,Down
SSC4D,Down
OR52W1,Down
TMEFF2,Down
KRTAP2-2,Down
FAM71E2,Down
THAP3,Down
SYT10,Down
ZNF200,Down
ATP8A2,Down
NKAIN4,Down
NFRKB,Down
COMMD2,Down
SRPK1,Down
KRTAP3-1,Down
LMX1A,Down
PLA2G3,Down
SCGB3A1,Down
UQCRH,Down
SPANXN2,Down
NSA2,Down
KCNC1,Down
SPATA32,Down
UBQLN3,Down
UBE2L3,Down
CHST8,Down
THAP2,Down
ERC2,Down
FGF17,Down
HTR5A,Down
BCORL1,Down
EIF4B,Down
GAS2,Down
OR13C5,Down
EBLN1,Down
TEX9,Down
LCE5A,Down
LRRC63,Down
HAL,Down
KEL,Down
C11ORF86,Down
MYL9,Down
HSFX3,Down
ERICH6B,Down
CRNN,Down
TTPA,Down
GBA2,Down
SERP1,Down
MAP10,Down
ALKBH5,Down
GRM6,Down
TSC22D4,Down
C2ORF78,Down
OR5M8,Down
BARHL1,Down
PRODH,Down
PTF1A,Down
POLQ,Down
KCNF1,Down
NTF4,Down
LRRC3B,Down
TEX46,Down
NR5A2,Down
DES,Down
MAGEB4,Down
SLC10A4,Down
KCP,Down
TMEM114,Down
LBP,Down
SLC25A21,Down
OR9G1,Down
OR6C65,Down
CACNG2,Down
OR56A5,Down
OPRD1,Down
C6ORF47,Down
OR2F2,Down
DEPP1,Down
TMEM35A,Down
SLC25A48,Down
CST11,Down
SRM,Down
NOSTRIN,Down
TWIST1,Down
AVPR1B,Down
FLVCR2,Down
APBB2,Down
GSG1L,Down
RAB40B,Down
OR2K2,Down
C20ORF173,Down
HSPB7,Down
TMEM239,Down
TMSB10,Down
EDN1,Down
CDCA3,Down
PLPPR3,Down
GUCA1A,Down
HTR1B,Down
PRKAR1B,Down
ISLR2,Down
OR2T11,Down
GRID1,Down
PROP1,Down
MAGEC1,Down
FMN2,Down
SCRT1,Down
PSAPL1,Down
KCND2,Down
CLEC16A,Down
SULT1C3,Down
PWWP3B,Down
PCYT2,Down
LKAAEAR1,Down
MYOZ1,Down
ZIC5,Down
SMTNL1,Down
POU4F2,Down
PCDHA1,Down
ANKRD60,Down
WDR87,Down
MAGEA8,Down
HOXD1,Down
ZNF205,Down
COX6C,Down
AJAP1,Down
OR2A14,Down
GPR146,Down
VSX2,Down
HGFAC,Down
WT1,Down
RHOV,Down
C4ORF54,Down
DMRTC2,Down
BFSP2,Down
PAQR4,Down
ASTN2,Down
WFDC1,Down
ASB11,Down
OR2T27,Down
IL23R,Down
MPP1,Down
DRD5,Down
INTS5,Down
PHF5A,Down
MDGA2,Down
RETNLB,Down
SYT1,Down
HTR2C,Down
NRXN1,Down
SIRT2,Down
VEPH1,Down
CNIH3,Down
PITPNC1,Down
SLC38A8,Down
ATG4D,Down
M1AP,Down
COA3,Down
CHRNB4,Down
CCDC197,Down
MYOC,Down
OR2T10,Down
ANAPC15,Down
HSPB8,Down
ADH7,Down
CCDC142,Down
EDF1,Down
TCF15,Down
YBX1,Down
CNTN5,Down
OMP,Down
MRGPRF,Down
FNDC7,Down
S100A7L2,Down
RPL36AL,Down
NRXN3,Down
FGF6,Down
GPR87,Down
ANO1,Down
MN1,Down
ITPK1,Down
URAD,Down
CSN3,Down
HES7,Down
PRSS41,Down
KRT2,Down
KCNJ5,Down
CST9L,Down
GRM4,Down
SSC5D,Down
PIMREG,Down
DRD3,Down
S100A10,Down
GABRA3,Down
RPS15,Down
N4BP3,Down
CFAP69,Down
ZFPM1,Down
C10ORF62,Down
RPL17,Down
TPTEP2-CSNK1E,Down
OR5AC2,Down
KRTAP5-9,Down
SIT1,Down
GNG13,Down
DYTN,Down
ZP1,Down
ALX1,Down
TAFA1,Down
MEGF10,Down
MYO1H,Down
DMRT1,Down
DNAL4,Down
SYN3,Down
SLC24A2,Down
LUZP4,Down
ENDOV,Down
PGM1,Down
FBLN5,Down
OR13C8,Down
NTSR2,Down
TMIGD1,Down
OR5M9,Down
BROX,Down
ZNF736,Down
HS3ST6,Down
GPR88,Down
PPP1R17,Down
SPEM1,Down
DOC2A,Down
NACA,Down
RGS13,Down
NCAM2,Down
RPS24,Down
CSAG2,Down
TMEM132D,Down
KRTAP16-1,Down
ZDHHC24,Down
LRRC41,Down
DIO3,Down
OR8D4,Down
STARD10,Down
TMEM200C,Down
TERT,Down
SEPTIN3,Down
DEUP1,Down
KISS1,Down
TELO2,Down
PRSS54,Down
KIR2DS3,Down
SPATA45,Down
DCDC2C,Down
TCP10L,Down
ATP5MG,Down
TM7SF2,Down
SLU7,Down
TMEM88B,Down
DCDC2,Down
MAB21L1,Down
GRAP2,Down
KHSRP,Down
MYL12A,Down
ZBBX,Down
PTEN,Down
OR9I1,Down
TRAK2,Down
GFY,Down
SYNGR4,Down
TBC1D23,Down
ARAP3,Down
NMRK2,Down
C20ORF204,Down
CCN4,Down
PIH1D2,Down
RPS16,Down
SLC18A2,Down
TRMT2A,Down
EYA4,Down
EIF2S3B,Down
TMEM132C,Down
LRCH4,Down
RAD54L2,Down
NUDT10,Down
VANGL2,Down
ROS1,Down
EPCAM,Down
PDLIM2,Down
CYB561A3,Down
TYR,Down
NR1I3,Down
SLC17A1,Down
SH2D2A,Down
IRX4,Down
PKNOX2,Down
ZNF490,Down
CFTR,Down
PODN,Down
ACBD4,Down
SRP14,Down
FEZF2,Down
GPR45,Down
ZC3H7A,Down
EPHX3,Down
COG8,Down
TSG101,Down
KCNQ5,Down
ACP5,Down
BST1,Down
WNK2,Down
TMPRSS7,Down
OR10G8,Down
GARNL3,Down
CAPN14,Down
TACC1,Down
CYP4A11,Down
KLRF2,Down
HS3ST5,Down
C4ORF45,Down
MCRIP1,Down
WDR72,Down
RCL1,Down
OR5L2,Down
MXRA7,Down
MYLK4,Down
OR51G1,Down
P2RY4,Down
C1ORF21,Down
MYH6,Down
PRSS50,Down
WFDC9,Down
SPRN,Down
C17ORF50,Down
CA6,Down
PLXNA4,Down
MSANTD1,Down
OR8B4,Down
TRIM42,Down
BRPF1,Down
CCDC42,Down
ADAMTS2,Down
GNG8,Down
NKAIN3,Down
MSRB1,Down
C1ORF53,Down
MEX3D,Down
LUM,Down
KCNT1,Down
LHX3,Down
HRH3,Down
CEP85,Down
CXORF51A,Down
LCA5L,Down
KRTAP4-16,Down
SKP1,Down
NKAIN2,Down
SRMS,Down
ADAT3,Down
KRTAP5-10,Down
SKOR1,Down
S100A7A,Down
CCDC17,Down
PLEKHG4,Down
TNFRSF13B,Down
CASS4,Down
NDP,Down
ZNF384,Down
KCNK5,Down
POU1F1,Down
MKRN3,Down
PRR22,Down
EPHA2,Down
RPL18,Down
TRIM48,Down
OPN1MW2,Down
CENPVL2,Down
SMR3A,Down
VPS9D1,Down
OXCT2,Down
IZUMO3,Down
SLFN12L,Down
CDKN2B,Down
NETO1,Down
VRTN,Down
FAM177B,Down
GSX2,Down
CELF5,Down
GPR39,Down
ALDH1A2,Down
IMPG2,Down
ACOT6,Down
ZNF189,Down
ADIG,Down
POLR2L,Down
MRFAP1,Down
MAP3K19,Down
MAGEA11,Down
RPS3,Down
OR2V2,Down
OR13C3,Down
SLC2A8,Down
CEP112,Down
FAM186B,Down
FDX2,Down
CTNNAL1,Down
ERVMER34-1,Down
MROH2A,Down
PTGDR2,Down
CABLES2,Down
DDAH2,Down
POU4F3,Down
CACNA1H,Down
HS3ST4,Down
SNX8,Down
GALNT13,Down
CNN3,Down
TBCA,Down
TMEM151A,Down
SPDYC,Down
MAGEE1,Down
DEFB135,Down
TRAPPC6A,Down
FBXO47,Down
AKAP14,Down
KDM8,Down
GLI4,Down
MTUS1,Down
SCX,Down
NEK10,Down
PATE4,Down
OR7A17,Down
C12ORF56,Down
PRAMEF20,Down
DCC,Down
CCDC106,Down
EIF4EBP1,Down
OTOG,Down
TOGARAM2,Down
KLHL40,Down
ATXN7L3,Down
CPXCR1,Down
THBS4,Down
ZKSCAN5,Down
KRTAP9-2,Down
LRFN5,Down
TTC39A,Down
FLNA,Down
APAF1,Down
ARMC6,Down
AFG1L,Down
HMGCLL1,Down
SIM2,Down
ATP5F1A,Down
PFDN5,Down
MTHFD2L,Down
SBDS,Down
SENP8,Down
PLEKHA4,Down
CIART,Down
ATP5PB,Down
HES3,Down
HUS1B,Down
EID2B,Down
MOXD1,Down
RERG,Down
DLEC1,Down
KCTD16,Down
KIF7,Down
C11ORF42,Down
LUZP2,Down
SH3BGRL2,Down
CD33,Down
STXBP6,Down
HOGA1,Down
SLC16A11,Down
TMEM182,Down
IL17B,Down
OLAH,Down
PRCP,Down
LRRTM1,Down
FBXO27,Down
CHMP2A,Down
MAGEE2,Down
PLSCR2,Down
CEACAM18,Down
COL8A1,Down
IZUMO1,Down
CREB3L4,Down
DLX3,Down
SIGLEC12,Down
COL13A1,Down
MSGN1,Down
ATOH8,Down
ST13,Down
DLX5,Down
HM13,Down
MGAM2,Down
LRRIQ3,Down
PTH,Down
SSX5,Down
KLC4,Down
TM4SF20,Down
TMEM97,Down
GRIN1,Down
TCHHL1,Down
GAMT,Down
PCBP3,Down
CFAP221,Down
IL36RN,Down
PAGE3,Down
FBXO17,Down
SMPDL3B,Down
GJB4,Down
SPATA48,Down
MRM2,Down
VWCE,Down
GPNMB,Down
TRDN,Down
DOK2,Down
TPM2,Down
CREBL2,Down
NGF,Down
RPS7,Down
CLNK,Down
SBK2,Down
DCDC2B,Down
CALD1,Down
TCEAL1,Down
ADO,Down
HR,Down
RPS13,Down
IL37,Down
OR6C1,Down
MARK1,Down
KRTAP5-11,Down
FHIT,Down
ZNF429,Down
FAM217A,Down
SLC1A6,Down
PARK7,Down
CLDN22,Down
ATG9B,Down
C10ORF71,Down
KPRP,Down
ADAM11,Down
CHRNA3,Down
DCTN3,Down
OR5M1,Down
ZNF446,Down
GLUD2,Down
ANO4,Down
CAMKK1,Down
KSR2,Down
RAB20,Down
OR51S1,Down
ENPP6,Down
DESI1,Down
CFHR1,Down
COL9A2,Down
NXPH1,Down
RITA1,Down
SELP,Down
RSPO3,Down
RPLP0,Down
PLB1,Down
MTMR3,Down
SLC35E4,Down
SHD,Down
NDUFB2,Down
C9ORF153,Down
PTGFR,Down
BPIFB1,Down
CD300LD,Down
DRD2,Down
RAD9B,Down
SNAPIN,Down
BSPH1,Down
ADAM33,Down
ADGRB1,Down
LRRC10B,Down
STK32A,Down
B4GALT7,Down
BEST3,Down
CLEC2A,Down
RIN3,Down
TMEM14B,Down
TMEM212,Down
SLC4A4,Down
GPR150,Down
INHBC,Down
CDC20B,Down
C8G,Down
RIMBP3,Down
TCEAL9,Down
AGBL1,Down
RIN2,Down
DNASE2,Down
TPTE2,Down
IFNL1,Down
HPF1,Down
ZNF555,Down
TBC1D3,Down
HRH2,Down
DHH,Down
GPAM,Down
FRMPD3,Down
PEF1,Down
LBX1,Down
HSPB6,Down
CTXN2,Down
SOX15,Down
MYO3B,Down
FAM228A,Down
MEPE,Down
DCN,Down
CC2D1A,Down
PPP1R1B,Down
SLC15A5,Down
SAXO1,Down
ADAM30,Down
GATA5,Down
SEMA4A,Down
PLCD4,Down
OR1C1,Down
SRRM1,Down
SLC8A3,Down
REG1A,Down
SLC22A13,Down
COX17,Down
FGF11,Down
GCKR,Down
GSDMD,Down
CLEC20A,Down
GALM,Down
AFMID,Down
GTF3C1,Down
NBN,Down
ADCK2,Down
TTLL3,Down
TAFA3,Down
C1QL1,Down
PRDX6,Down
PTGR1,Down
FAM167A,Down
OR7C1,Down
DUSP21,Down
CAD,Down
KRTAP27-1,Down
OR10H5,Down
MILR1,Down
YWHAH,Down
ELANE,Down
CPNE6,Down
ZDHHC22,Down
OR13G1,Down
IGSF23,Down
BPIFC,Down
NEUROD6,Down
SNTG2,Down
MICALL1,Down
RASGRF1,Down
CSDC2,Down
C1ORF74,Down
BAX,Down
CA2,Down
FANCD2OS,Down
SLC22A11,Down
PAPPA2,Down
WNT9B,Down
KLHL41,Down
ZNHIT3,Down
PRLR,Down
GP1BA,Down
DEFB112,Down
CLDN10,Down
BCAN,Down
DRD4,Down
DLX2,Down
GJD4,Down
LRRC43,Down
CASR,Down
OR4N4,Down
DRGX,Down
MAFA,Down
TCAF2,Down
SPANXB1,Down
ADAM2,Down
PSG3,Down
GPATCH3,Down
MSX2,Down
MS4A6E,Down
KRT9,Down
CHKA,Down
IFITM3,Down
PRSS2,Down
CCDC157,Down
RTEL1,Down
CFAP73,Down
IGSF3,Down
HEPACAM,Down
IL12A,Down
COL8A2,Down
MAGI2,Down
LSM1,Down
LDHB,Down
CCDC74B,Down
MAMSTR,Down
MZT2A,Down
OR5B12,Down
NEK8,Down
C5ORF34,Down
SCGB1D4,Down
ADRB1,Down
OR4A15,Down
METTL17,Down
FANCA,Down
DLEU7,Down
OTOS,Down
ATP6V1G3,Down
KCND3,Down
GAS2L3,Down
IGF2BP1,Down
IL12B,Down
DIPK1B,Down
C2ORF92,Down
NPTX1,Down
SMIM5,Down
OR6C76,Down
GSTA3,Down
ARL9,Down
ESPNL,Down
FBXL2,Down
CELF6,Down
BEND6,Down
CLCN2,Down
RPS25,Down
IGF1,Down
CNMD,Down
FDXACB1,Down
OR5I1,Down
MIS12,Down
FAM47B,Down
CHFR,Down
PLCZ1,Down
LRRC31,Down
B3GNT8,Down
CYSTM1,Down
TCEA3,Down
PET100,Down
NFIC,Down
LRRC61,Down
GUCD1,Down
TINF2,Down
TSPAN4,Down
UBE2V1,Down
UBA52,Down
ITGBL1,Down
SYT6,Down
PPP1R3A,Down
KCNA2,Down
CCR8,Down
PIK3IP1,Down
TMEM205,Down
GRIN2C,Down
TRPM2,Down
OR10Z1,Down
SYCP2L,Down
OR10J1,Down
HMG20B,Down
UBL4A,Down
TLCD3B,Down
MOG,Down
EIF3M,Down
PRSS38,Down
NTM,Down
CKAP2L,Down
UTRN,Down
ATP10B,Down
EFHC2,Down
TFAP2D,Down
BTBD17,Down
MYL3,Down
SCARA3,Down
KRTAP19-8,Down
SHISA6,Down
CSF3,Down
APOC4,Down
RGS6,Down
UBTD2,Down
OXGR1,Down
RPL6,Down
LCN6,Down
TMEM238L,Down
RFPL3,Down
ECT2L,Down
PRAMEF8,Down
CCDC50,Down
MRPL23,Down
CARMIL2,Down
ZNF14,Down
PVALEF,Down
PSTPIP1,Down
OR4C16,Down
NDUFS7,Down
DNAH6,Down
GAD2,Down
CCL16,Down
GGT6,Down
CECR2,Down
REELD1,Down
OTUD6A,Down
GIPR,Down
MOV10L1,Down
KIF1C,Down
AAR2,Down
FMR1NB,Down
SEL1L2,Down
RBMY1B,Down
MUC20,Down
KRTAP10-2,Down
PROK1,Down
DERL3,Down
ACAA2,Down
DPPA4,Down
KRT81,Down
GAS7,Down
OR6C4,Down
LRRC7,Down
BPIFA3,Down
ARRDC1,Down
NTHL1,Down
ZNF727,Down
ABHD14A,Down
LINC00634,Down
TMPRSS11A,Down
SPSB4,Down
PPP1R14D,Down
PLA2G4F,Down
GK2,Down
CUL4A,Down
SHC2,Down
UFSP1,Down
ERVFRD-1,Down
PRR27,Down
RNF186,Down
ABCA4,Down
TBATA,Down
CCL27,Down
SHISA7,Down
CCDC62,Down
GPR156,Down
CRYGC,Down
PDYN,Down
PAOX,Down
NUDT16L1,Down
GRIK4,Down
SPP2,Down
PRODH2,Down
SPEM2,Down
ZCCHC13,Down
B3GNTL1,Down
MAMDC4,Down
RAB3B,Down
LMX1B,Down
RTL4,Down
OTC,Down
XAGE2,Down
FLAD1,Down
C12ORF60,Down
OR5B2,Down
SSTR2,Down
SCRIB,Down
AZGP1,Down
C16ORF89,Down
SLC4A1,Down
WDR6,Down
ILDR2,Down
BEST2,Down
ALPK2,Down
DPP3,Down
CGB2,Down
INCA1,Down
TOB2,Down
PGP,Down
NIFK,Down
PYDC1,Down
MC3R,Down
TXLNB,Down
CYP1A1,Down
GRHPR,Down
TSKS,Down
LHX5,Down
PRDX1,Down
ZP4,Down
KHDC3L,Down
SDR9C7,Down
GPX6,Down
KRT38,Down
PDIA6,Down
IFITM2,Down
ABCA2,Down
PAX4,Down
KCNJ1,Down
SMIM10L2A,Down
MMP17,Down
GTPBP3,Down
CRP,Down
ACTB,Down
DOC2B,Down
DLL3,Down
MOGAT2,Down
TPSD1,Down
TTLL4,Down
GUCA2B,Down
WDR64,Down
SLC22A14,Down
NODAL,Down
COQ8B,Down
XPNPEP2,Down
OR4C11,Down
REXO1,Down
PLEKHG4B,Down
GABRB1,Down
NOXRED1,Down
CYP7A1,Down
RPL22,Down
PDLIM5,Down
RPEL1,Down
RS1,Down
ADARB2,Down
WDR43,Down
CRISP1,Down
INHBA,Down
SMCO2,Down
DUSP9,Down
NDUFB9,Down
EN2,Down
PNCK,Down
MRGPRX4,Down
DNASE1,Down
OR8D1,Down
CNOT10,Down
SNPH,Down
ARVCF,Down
HSP90B1,Down
WFDC10B,Down
MRGPRD,Down
ADRA1D,Down
LCORL,Down
GPR85,Down
ALDH4A1,Down
TAS2R16,Down
LYSMD2,Down
CSF1,Down
CCDC102A,Down
PIK3R6,Down
ACADS,Down
CHRNB3,Down
FXYD1,Down
EVPL,Down
DEFB115,Down
STX1B,Down
CAVIN4,Down
MED15,Down
PHOX2B,Down
TMEM14C,Down
RPL10L,Down
EVA1A,Down
FAM110B,Down
ACBD6,Down
TTC23,Down
C1ORF198,Down
PRAMEF12,Down
FGF8,Down
HMX1,Down
G6PC2,Down
CHCHD5,Down
WNK3,Down
LCN12,Down
PGR,Down
KLB,Down
WDR93,Down
EPB42,Down
E2F1,Down
VWA2,Down
FAM135B,Down
RPS9,Down
SCN7A,Down
CFAP58,Down
UQCR11,Down
TMEM116,Down
PTPN5,Down
OR52E2,Down
LRP2,Down
GSTA1,Down
GABRA5,Down
PDGFA,Down
GYPE,Down
CES5A,Down
SMC3,Down
THEM5,Down
MRPL41,Down
