up.genes,
RPLP2,Up
RPL18A,Up
FOSB,Up
FLRT2,Up
MUC6,Up
FXYD2,Up
AQP12A,Up
SLC30A7,Up
GSDMD,Up
GOLGA8B,Up
PBX1,Up
N4BP2,Up
SCTR,Up
CLDN3,Up
BTG2,Up
DUSP1,Up
RPL18,Up
KDM5D,Up
KRTCAP2,Up
SUMF2,Up
IL18,Up
SRSF6,Up
PNLIPRP1,Up
JMJD7-PLA2G4B,Up
SYTL4,Up
HBA2,Up
RBPJL,Up
BGN,Up
ETFBKMT,Up
MFAP4,Up
RPS28,Up
RPS16,Up
C19ORF53,Up
ARL6IP5,Up
NOL6,Up
SPRY2,Up
CTRB2,Up
FKBP11,Up
CBS,Up
RAB40C,Up
SLC39A5,Up
SELENOP,Up
PCNX1,Up
RPL5,Up
LCAT,Up
C6,Up
C2CD4B,Up
REG3A,Up
BTBD2,Up
FGFR3,Up
KIFAP3,Up
ADIRF,Up
CLCNKA,Up
ARHGAP33,Up
ZBTB48,Up
LAMC3,Up
KLK1,Up
RPS4X,Up
CD81,Up
BCKDHA,Up
EVL,Up
CELA3A,Up
DCN,Up
INAFM1,Up
SLC25A23,Up
BCKDK,Up
CEL,Up
PNLIP,Up
YPEL1,Up
JUND,Up
TBL1X,Up
RPL6,Up
SRSF5,Up
SIDT2,Up
MRM3,Up
CCDC130,Up
RNASET2,Up
LEFTY1,Up
GP2,Up
HINT3,Up
ST20,Up
AMY2A,Up
AMY1B,Up
PRSS1,Up
CTRB1,Up
HDDC2,Up
CSRP1,Up
PHGDH,Up
CTSG,Up
RAP1GAP,Up
STOX2,Up
CDR1,Up
EXOSC6,Up
MXD4,Up
PRSS3,Up
VPS51,Up
GOLPH3,Up
PDK4,Up
TYK2,Up
GSTM2,Up
REG1B,Up
ZNF486,Up
HSPB6,Up
SPATA20,Up
EIF2S1,Up
PEAR1,Up
MMP23B,Up
SETDB2,Up
ECHDC2,Up
ERP27,Up
TMED3,Up
ABHD17C,Down
EZR,Down
MUC1,Down
PKM,Down
NCF2,Down
CEACAM6,Down
ANXA2,Down
POSTN,Down
RPL4,Down
COL17A1,Down
NET1,Down
ATIC,Down
SLC2A1,Down
PARP14,Down
TNFRSF1A,Down
TPM2,Down
PALLD,Down
UBC,Down
MSLN,Down
RCN1,Down
FN1,Down
ADAP1,Down
MLPH,Down
KDM2A,Down
LAMB1,Down
CYB5B,Down
CALD1,Down
CAMK2N1,Down
SFN,Down
S100P,Down
CTSE,Down
LPAR2,Down
TAF15,Down
TRAPPC2L,Down
ADM,Down
TENM2,Down
PTBP3,Down
TEN1,Down
TUBA4A,Down
CD63,Down
KRT19,Down
PPA1,Down
TXNIP,Down
LBHD1,Down
SAT1,Down
RPL21,Down
IGFBP5,Down
SSB,Down
CDC20,Down
SMCO4,Down
MGAT1,Down
MMP11,Down
ZNF728,Down
DDX27,Down
CAB39,Down
ZNF91,Down
RASGEF1A,Down
FLNB,Down
GCNT3,Down
S100A6,Down
TMCO1,Down
GMEB2,Down
DDIT4,Down
PPP1R11,Down
KCTD13,Down
PARP1,Down
TFF1,Down
TPM1,Down
GHITM,Down
SF3B1,Down
C19ORF33,Down
RAB6A,Down
PKN2,Down
RPN1,Down
PRR14,Down
TENM3,Down
MGST2,Down
YTHDF1,Down
TUBA1B,Down
FIP1L1,Down
IFI6,Down
CTNNA1,Down
ACTB,Down
PTMA,Down
ANKRD36C,Down
SPINT2,Down
SQSTM1,Down
FTL,Down
GOLGA3,Down
HSPA8,Down
TMEM158,Down
YBX1,Down
CALM2,Down
ILRUN,Down
NPIPB6,Down
CDK11A,Down
HLA-B,Down
SRSF2,Down
TPM3,Down
TUBA1C,Down
MRGBP,Down
CIR1,Down
CTSL,Down
CCNI,Down
S100A10,Down
NDUFV2,Down
TCF25,Down
IFI27,Down
KRT6A,Down
MYL6,Down
FOXQ1,Down
NDUFB2,Down
HOXB5,Down
ISG15,Down
CFB,Down
SAMD9,Down
TMSB10,Down
PSME2,Down
MRPS10,Down
BST2,Down
RIPK4,Down
PRRT2,Down
HSP90AB1,Down
EPCAM,Down
TENM1,Down
SDF2L1,Down
LRRFIP1,Down
TRA2A,Down
SLC16A3,Down
CCND1,Down
TTC3,Down
LASP1,Down
HNRNPA3,Down
TFDP1,Down
